Build tool,Path,Group id,Artifact id,Version,Dependency group id,Dependency artifact id,Dependency version,Direct Dependency,Resolution failure
Gradle,build.gradle.kts,org.openrewrite,rewrite-polyglot,0.1.0-SNAPSHOT,org.openrewrite,rewrite-docker,8.93.0-SNAPSHOT,true,
Gradle,build.gradle.kts,org.openrewrite,rewrite-polyglot,0.1.0-SNAPSHOT,org.junit.jupiter,junit-jupiter-api,6.1.3,true,
Gradle,build.gradle.kts,org.openrewrite,rewrite-polyglot,0.1.0-SNAPSHOT,org.opentest4j,opentest4j,1.3.0,false,
Gradle,build.gradle.kts,org.openrewrite,rewrite-polyglot,0.1.0-SNAPSHOT,org.junit.platform,junit-platform-commons,6.1.3,false,
Gradle,build.gradle.kts,org.openrewrite,rewrite-polyglot,0.1.0-SNAPSHOT,org.apiguardian,apiguardian-api,1.1.2,false,
Gradle,build.gradle.kts,org.openrewrite,rewrite-polyglot,0.1.0-SNAPSHOT,org.jspecify,jspecify,1.0.1,false,
Gradle,build.gradle.kts,org.openrewrite,rewrite-polyglot,0.1.0-SNAPSHOT,org.openrewrite,rewrite-java-17,8.93.0-SNAPSHOT,true,
Gradle,build.gradle.kts,org.openrewrite,rewrite-polyglot,0.1.0-SNAPSHOT,org.openrewrite,rewrite-core,8.93.0-SNAPSHOT,false,
Gradle,build.gradle.kts,org.openrewrite,rewrite-polyglot,0.1.0-SNAPSHOT,org.openrewrite.tools,jgit,1.8.0,false,
Gradle,build.gradle.kts,org.openrewrite,rewrite-polyglot,0.1.0-SNAPSHOT,com.fasterxml.jackson.core,jackson-core,2.21.7,false,
Gradle,build.gradle.kts,org.openrewrite,rewrite-polyglot,0.1.0-SNAPSHOT,com.fasterxml.jackson,jackson-bom,2.21.7,false,
Gradle,build.gradle.kts,org.openrewrite,rewrite-polyglot,0.1.0-SNAPSHOT,com.fasterxml.jackson.core,jackson-databind,2.21.7,false,
Gradle,build.gradle.kts,org.openrewrite,rewrite-polyglot,0.1.0-SNAPSHOT,com.fasterxml.jackson.core,jackson-annotations,2.21,false,
Gradle,build.gradle.kts,org.openrewrite,rewrite-polyglot,0.1.0-SNAPSHOT,com.fasterxml.jackson.dataformat,jackson-dataformat-smile,2.21.7,false,
Gradle,build.gradle.kts,org.openrewrite,rewrite-polyglot,0.1.0-SNAPSHOT,com.fasterxml.jackson.module,jackson-module-parameter-names,2.21.7,false,
Gradle,build.gradle.kts,org.openrewrite,rewrite-polyglot,0.1.0-SNAPSHOT,com.fasterxml.jackson.datatype,jackson-datatype-jsr310,2.21.7,false,
Gradle,build.gradle.kts,org.openrewrite,rewrite-polyglot,0.1.0-SNAPSHOT,org.openrewrite,rewrite-java,8.93.0-SNAPSHOT,false,
Gradle,build.gradle.kts,org.openrewrite,rewrite-polyglot,0.1.0-SNAPSHOT,org.openrewrite,rewrite-yaml,8.93.0-SNAPSHOT,false,
Gradle,build.gradle.kts,org.openrewrite,rewrite-polyglot,0.1.0-SNAPSHOT,org.jetbrains,annotations,26.1.0,false,
Gradle,build.gradle.kts,org.openrewrite,rewrite-polyglot,0.1.0-SNAPSHOT,org.openrewrite,rewrite-java-lombok,8.93.0-SNAPSHOT,false,
Gradle,build.gradle.kts,org.openrewrite,rewrite-polyglot,0.1.0-SNAPSHOT,org.projectlombok,lombok,1.18.48,false,
Gradle,build.gradle.kts,org.openrewrite,rewrite-polyglot,0.1.0-SNAPSHOT,org.ow2.asm,asm,9.10.1,false,
Gradle,build.gradle.kts,org.openrewrite,rewrite-polyglot,0.1.0-SNAPSHOT,org.openrewrite,rewrite-test,8.93.0-SNAPSHOT,true,
Gradle,build.gradle.kts,org.openrewrite,rewrite-polyglot,0.1.0-SNAPSHOT,org.junit.jupiter,junit-jupiter-params,6.1.3,false,
Gradle,build.gradle.kts,org.openrewrite,rewrite-polyglot,0.1.0-SNAPSHOT,org.openrewrite,rewrite-java-21,8.93.0-SNAPSHOT,true,
Gradle,build.gradle.kts,org.openrewrite,rewrite-polyglot,0.1.0-SNAPSHOT,org.openrewrite,rewrite-gradle,8.93.0-SNAPSHOT,true,
Gradle,build.gradle.kts,org.openrewrite,rewrite-polyglot,0.1.0-SNAPSHOT,org.openrewrite,rewrite-groovy,8.93.0-SNAPSHOT,false,
Gradle,build.gradle.kts,org.openrewrite,rewrite-polyglot,0.1.0-SNAPSHOT,org.openrewrite,rewrite-kotlin,8.93.0-SNAPSHOT,false,
Gradle,build.gradle.kts,org.openrewrite,rewrite-polyglot,0.1.0-SNAPSHOT,org.openrewrite,rewrite-maven,8.93.0-SNAPSHOT,false,
Gradle,build.gradle.kts,org.openrewrite,rewrite-polyglot,0.1.0-SNAPSHOT,org.openrewrite,rewrite-xml,8.93.0-SNAPSHOT,false,
Gradle,build.gradle.kts,org.openrewrite,rewrite-polyglot,0.1.0-SNAPSHOT,org.openrewrite,rewrite-toml,8.93.0-SNAPSHOT,false,
Gradle,build.gradle.kts,org.openrewrite,rewrite-polyglot,0.1.0-SNAPSHOT,org.junit.platform,junit-platform-launcher,6.1.3,true,
Gradle,build.gradle.kts,org.openrewrite,rewrite-polyglot,0.1.0-SNAPSHOT,org.junit,junit-bom,6.1.3,false,
Gradle,build.gradle.kts,org.openrewrite,rewrite-polyglot,0.1.0-SNAPSHOT,org.junit.platform,junit-platform-engine,6.1.3,false,
Gradle,build.gradle.kts,org.openrewrite,rewrite-polyglot,0.1.0-SNAPSHOT,org.openrewrite,rewrite-json,8.93.0-SNAPSHOT,true,
Gradle,build.gradle.kts,org.openrewrite,rewrite-polyglot,0.1.0-SNAPSHOT,org.openrewrite,rewrite-protobuf,8.93.0-SNAPSHOT,true,
Gradle,build.gradle.kts,org.openrewrite,rewrite-polyglot,0.1.0-SNAPSHOT,org.openrewrite,rewrite-bom,8.93.0-SNAPSHOT,true,
Gradle,build.gradle.kts,org.openrewrite,rewrite-polyglot,0.1.0-SNAPSHOT,org.assertj,assertj-core,3.27.7,true,
Gradle,build.gradle.kts,org.openrewrite,rewrite-polyglot,0.1.0-SNAPSHOT,net.bytebuddy,byte-buddy,1.18.3,false,
Gradle,build.gradle.kts,org.openrewrite,rewrite-polyglot,0.1.0-SNAPSHOT,org.junit.jupiter,junit-jupiter-engine,6.1.3,true,
Gradle,build.gradle.kts,org.openrewrite,rewrite-polyglot,0.1.0-SNAPSHOT,org.openrewrite,rewrite-properties,8.93.0-SNAPSHOT,true,
Gradle,build.gradle.kts,org.openrewrite,rewrite-polyglot,0.1.0-SNAPSHOT,org.openrewrite,rewrite-hcl,8.93.0-SNAPSHOT,true,
